model,RMSE,MAE
LinearRegression,39.88146857581071,35.69660679571923
GradientBoosting,73.44061398080517,62.73947228454929
RandomForest,74.98563718695982,64.83163749999996
